insert into osoba (tel, jmeno, prijmeni, email) values ('745-763-0930', 'Ulric', 'Crosfield', 'test@test');
insert into osoba (tel, jmeno, prijmeni, email) values ('650-444-9848', 'Kelbee', 'Delves', 'kdelves1@technorati.com');
insert into osoba (tel, jmeno, prijmeni, email) values ('914-477-1185', 'Jo', 'Barsam', 'jbarsam2@dropbox.com');
insert into osoba (tel, jmeno, prijmeni, email) values ('189-373-9718', 'Lorrie', 'Muehle', 'test2@test2');
insert into osoba (tel, jmeno, prijmeni, email) values ('353-189-8534', 'Andie', 'Ogers', 'aogers4@tamu.edu');
insert into osoba (tel, jmeno, prijmeni, email) values ('577-810-5876', 'Tabbie', 'Fitzsimon', 'tfitzsimon5@networksolutions.com');
insert into osoba (tel, jmeno, prijmeni, email) values ('791-500-0058', 'Giuditta', 'Maior', 'gmaior6@microsoft.com');
insert into osoba (tel, jmeno, prijmeni, email) values ('613-416-7710', 'Rupert', 'Newiss', 'rnewiss7@ft.com');
insert into osoba (tel, jmeno, prijmeni, email) values ('259-338-3758', 'Wenda', 'Ganniclifft', 'wganniclifft8@upenn.edu');
insert into osoba (tel, jmeno, prijmeni, email) values ('335-392-4937', 'Rutter', 'Edlin', 'redlin9@taobao.com');
insert into osoba (tel, jmeno, prijmeni, email) values ('627-786-2221', 'Jamey', 'Goane', 'jgoanea@ning.com');
insert into osoba (tel, jmeno, prijmeni, email) values ('735-896-5683', 'Hildegarde', 'Brokenbrow', 'hbrokenbrowb@ovh.net');
insert into osoba (tel, jmeno, prijmeni, email) values ('895-894-4186', 'Isidor', 'Kingaby', 'ikingabyc@unblog.fr');
insert into osoba (tel, jmeno, prijmeni, email) values ('256-637-4890', 'Lorette', 'Simpson', 'lsimpsond@dailymotion.com');
insert into osoba (tel, jmeno, prijmeni, email) values ('272-613-8136', 'Dewitt', 'Warr', 'dwarre@blinklist.com');
insert into osoba (tel, jmeno, prijmeni, email) values ('866-618-1832', 'Dallon', 'Osgardby', 'dosgardbyf@npr.org');
insert into osoba (tel, jmeno, prijmeni, email) values ('774-851-6896', 'Hugo', 'Hedgeman', 'hhedgemang@tmall.com');
insert into osoba (tel, jmeno, prijmeni, email) values ('657-411-6434', 'Egbert', 'Racine', 'eracineh@blogs.com');
insert into osoba (tel, jmeno, prijmeni, email) values ('243-205-3204', 'Vladimir', 'Allpress', 'vallpressi@goo.ne.jp');
insert into osoba (tel, jmeno, prijmeni, email) values ('955-284-4849', 'Cozmo', 'Skeleton', 'cskeletonj@china.com.cn');
insert into osoba (tel, jmeno, prijmeni, email) values ('268-684-5686', 'Ladonna', 'Hogbin', 'lhogbink@reference.com');
insert into osoba (tel, jmeno, prijmeni, email) values ('498-218-5677', 'Rossie', 'Cake', 'rcakel@macromedia.com');
insert into osoba (tel, jmeno, prijmeni, email) values ('593-884-7015', 'Stefanie', 'Sobtka', 'ssobtkam@sourceforge.net');
insert into osoba (tel, jmeno, prijmeni, email) values ('290-669-7127', 'Robbie', 'Comino', 'rcominon@twitter.com');
insert into osoba (tel, jmeno, prijmeni, email) values ('479-529-0509', 'Adel', 'Birkby', 'abirkbyo@springer.com');
insert into osoba (tel, jmeno, prijmeni, email) values ('346-612-4314', 'Brad', 'Crix', 'bcrixp@google.co.uk');
insert into osoba (tel, jmeno, prijmeni, email) values ('494-696-3308', 'Berke', 'Scadding', 'bscaddingq@rakuten.co.jp');
insert into osoba (tel, jmeno, prijmeni, email) values ('164-450-3899', 'Shaylah', 'Fielder', 'sfielderr@nifty.com');
insert into osoba (tel, jmeno, prijmeni, email) values ('400-676-7963', 'Liana', 'Siuda', 'lsiudas@xing.com');
insert into osoba (tel, jmeno, prijmeni, email) values ('415-723-0722', 'Kevina', 'Caston', 'kcastont@shareasale.com');

insert into mechanik (id_osoba, heslo_hash) values (1, '$2a$12$bMunnHeY2fj2sC8P3LSZSucQ6/QfwmeEklpqnM7B1yN6bLHZdi8M.');
insert into mechanik (id_osoba, heslo_hash) values (2, 'NUN3RIQsvR');
insert into mechanik (id_osoba, heslo_hash) values (3, '9AXsvKwvBq');

insert into administrator (id_osoba, heslo_hash) values (4, '$2a$12$uZzlrz1OwoKM.7ewlk9uUOgzb8dgynje27yjJaYxZ6uhk4z73Cqq6');
insert into administrator (id_osoba, heslo_hash) values (5, 'wGj02adAtS');
insert into administrator (id_osoba, heslo_hash) values (6, 'k9xXjObX7k');

insert into sluzba (nazev, cena) values ('Spark plug replacement', 2984);
insert into sluzba (nazev, cena) values ('Suspension repair', 3868);
insert into sluzba (nazev, cena) values ('Emission system service', 3136);
insert into sluzba (nazev, cena) values ('Air conditioning service', 3908);
insert into sluzba (nazev, cena) values ('Brake inspection', 3082);
insert into sluzba (nazev, cena) values ('Transmission service', 3642);
insert into sluzba (nazev, cena) values ('Power steering fluid flush', 2808);
insert into sluzba (nazev, cena) values ('Brake pad replacement', 2147);
insert into sluzba (nazev, cena) values ('Battery replacement', 3692);
insert into sluzba (nazev, cena) values ('Tire rotation', 1804);
insert into sluzba (nazev, cena) values ('Radiator flush', 3269);
insert into sluzba (nazev, cena) values ('Cabin air filter replacement', 3106);
insert into sluzba (nazev, cena) values ('Suspension repair', 2136);
insert into sluzba (nazev, cena) values ('Tire rotation', 2933);
insert into sluzba (nazev, cena) values ('Fuel filter replacement', 2317);

insert into vozidlo (id_osoba, model, reg_znacka) values (7, 'Mazda CX-5', 'WW79-KXA-434');
insert into vozidlo (id_osoba, model, reg_znacka) values (8, 'Acura NSX', 'GX13-UUO-798');
insert into vozidlo (id_osoba, model, reg_znacka) values (9, 'Lexus RX', 'DH54-UMX-512');
insert into vozidlo (id_osoba, model, reg_znacka) values (10, 'Rivian R1T', 'HQ15-REY-054');
insert into vozidlo (id_osoba, model, reg_znacka) values (11, 'Volkswagen Beetle', 'NU70-JPX-692');
insert into vozidlo (id_osoba, model, reg_znacka) values (12, 'Mini Cooper', 'PL16-WQM-159');
insert into vozidlo (id_osoba, model, reg_znacka) values (13, 'Rivian R1T', 'SO76-DGD-409');
insert into vozidlo (id_osoba, model, reg_znacka) values (14, 'Jaguar F-Pace', 'AE56-AJA-414');
insert into vozidlo (id_osoba, model, reg_znacka) values (15, 'Kia Optima', 'FO43-YFM-054');
insert into vozidlo (id_osoba, model, reg_znacka) values (16, 'Maserati Ghibli', 'PI37-ALA-706');
insert into vozidlo (id_osoba, model, reg_znacka) values (17, 'GMC Sierra', 'UK52-SXO-904');
insert into vozidlo (id_osoba, model, reg_znacka) values (18, 'Volkswagen Beetle', 'US11-QET-768');
insert into vozidlo (id_osoba, model, reg_znacka) values (19, 'Rolls-Royce Phantom', 'VP16-WBH-431');
insert into vozidlo (id_osoba, model, reg_znacka) values (20, 'Alfa Romeo Giulia', 'FH52-FRT-282');
insert into vozidlo (id_osoba, model, reg_znacka) values (21, 'Volkswagen Beetle', 'LH90-DSZ-871');
insert into vozidlo (id_osoba, model, reg_znacka) values (22, 'Audi A4', 'TD88-HGB-176');
insert into vozidlo (id_osoba, model, reg_znacka) values (23, 'Polestar 2', 'LT78-XFU-168');
insert into vozidlo (id_osoba, model, reg_znacka) values (24, 'Genesis G80', 'CM20-DZL-325');
insert into vozidlo (id_osoba, model, reg_znacka) values (25, 'Polestar 2', 'IB93-ANQ-665');
insert into vozidlo (id_osoba, model, reg_znacka) values (26, 'Mitsubishi Outlander', 'ZE93-XCH-265');
insert into vozidlo (id_osoba, model, reg_znacka) values (27, 'Mitsubishi Outlander', 'OF85-ZBB-588');
insert into vozidlo (id_osoba, model, reg_znacka) values (28, 'Kia Optima', 'CR11-HFO-492');
insert into vozidlo (id_osoba, model, reg_znacka) values (29, 'Lexus RX', 'RV31-QKH-135');
insert into vozidlo (id_osoba, model, reg_znacka) values (30, 'Bugatti Chiron', 'WM92-OJC-036');

insert into rezervace (id_sluzba, id_vozidlo, id_osoba, id_mechanik, mechanik_id_osoba, datum, cas) values (12, 1, 7, 3, 3, '2024-05-04', '15:30');
insert into rezervace (id_sluzba, id_vozidlo, id_osoba, id_mechanik, mechanik_id_osoba, datum, cas) values (15, 2, 8, 3, 3, '2024-04-25', '16:30');
insert into rezervace (id_sluzba, id_vozidlo, id_osoba, id_mechanik, mechanik_id_osoba, datum, cas) values (14, 3, 9, 1, 1, '2024-05-03', '10:30');
insert into rezervace (id_sluzba, id_vozidlo, id_osoba, id_mechanik, mechanik_id_osoba, datum, cas) values (12, 4, 10, 2, 2, '2024-05-06', '12:30');
insert into rezervace (id_sluzba, id_vozidlo, id_osoba, id_mechanik, mechanik_id_osoba, datum, cas) values (15, 5, 11, 2, 2, '2024-05-20', '10:30');
insert into rezervace (id_sluzba, id_vozidlo, id_osoba, id_mechanik, mechanik_id_osoba, datum, cas) values (15, 6, 12, 1, 1, '2024-05-21', '10:30');
insert into rezervace (id_sluzba, id_vozidlo, id_osoba, id_mechanik, mechanik_id_osoba, datum, cas) values (1, 7, 13, 1, 1, '2024-05-04', '14:30');
insert into rezervace (id_sluzba, id_vozidlo, id_osoba, id_mechanik, mechanik_id_osoba, datum, cas) values (7, 8, 14, 1, 1, '2024-04-19', '12:30');
insert into rezervace (id_sluzba, id_vozidlo, id_osoba, id_mechanik, mechanik_id_osoba, datum, cas) values (2, 9, 15, 2, 2, '2024-04-31', '15:00');
insert into rezervace (id_sluzba, id_vozidlo, id_osoba, id_mechanik, mechanik_id_osoba, datum, cas) values (14, 10, 16, 3, 3, '2024-04-17', '12:00');
insert into rezervace (id_sluzba, id_vozidlo, id_osoba, id_mechanik, mechanik_id_osoba, datum, cas) values (5, 11, 17, 2, 2, '2024-05-06', '15:30');
insert into rezervace (id_sluzba, id_vozidlo, id_osoba, id_mechanik, mechanik_id_osoba, datum, cas) values (4, 12, 18, 3, 3, '2024-04-14', '16:30');
insert into rezervace (id_sluzba, id_vozidlo, id_osoba, id_mechanik, mechanik_id_osoba, datum, cas) values (4, 13, 19, 2, 2, '2024-05-29', '12:30');
insert into rezervace (id_sluzba, id_vozidlo, id_osoba, id_mechanik, mechanik_id_osoba, datum, cas) values (1, 14, 20, 2, 2, '2024-04-03', '12:30');
insert into rezervace (id_sluzba, id_vozidlo, id_osoba, id_mechanik, mechanik_id_osoba, datum, cas) values (3, 15, 21, 2, 2, '2024-05-02', '09:00');
insert into rezervace (id_sluzba, id_vozidlo, id_osoba, id_mechanik, mechanik_id_osoba, datum, cas) values (8, 16, 22, 3, 3, '2024-04-05', '11:00');
insert into rezervace (id_sluzba, id_vozidlo, id_osoba, id_mechanik, mechanik_id_osoba, datum, cas) values (3, 17, 23, 3, 3, '2024-05-28', '13:30');
insert into rezervace (id_sluzba, id_vozidlo, id_osoba, id_mechanik, mechanik_id_osoba, datum, cas) values (4, 18, 24, 2, 2, '2024-04-28', '10:30');
insert into rezervace (id_sluzba, id_vozidlo, id_osoba, id_mechanik, mechanik_id_osoba, datum, cas) values (10, 19, 25, 3, 3, '2024-04-25', '12:00');
insert into rezervace (id_sluzba, id_vozidlo, id_osoba, id_mechanik, mechanik_id_osoba, datum, cas) values (12, 20, 26, 2, 2, '2024-05-18', '09:00');
